message,loaded_at
"MSH|^~\&|NURSING|DEMOHOSP|EASYHL7|DEMO|20260920080700||ORU^R01|VIT00001|P|2.5.1PID|1||PAT1001||SMITH^JOHN||19850412|MPV1|1|I|3N^301^1^DEMOHOSPORC|RE|VITORD00001OBR|1|VITORD00001|VITRES00001|VITALS^Vital Signs|||20260920080700OBX|1|NM|8480-6^Systolic Blood Pressure^LN||118|mm[Hg]|||||FOBX|2|NM|8462-4^Diastolic Blood Pressure^LN||76|mm[Hg]|||||FOBX|3|NM|8867-4^Heart Rate^LN||72|/min|||||FOBX|4|NM|8310-5^Body Temperature^LN||98.6|[degF]|||||FOBX|5|NM|59408-5^Oxygen Saturation^LN||98|%|||||F",2026-09-20 08:00:00
"MSH|^~\&|NURSING|DEMOHOSP|EASYHL7|DEMO|20260920081500||ORU^R01|VIT00002|P|2.5.1PID|1||PAT1002||JONES^SARAH||19920308|FPV1|1|I|3N^302^1^DEMOHOSPORC|RE|VITORD00002OBR|1|VITORD00002|VITRES00002|VITALS^Vital Signs|||20260920081500OBX|1|NM|8480-6^Systolic Blood Pressure^LN||126|mm[Hg]|||||FOBX|2|NM|8462-4^Diastolic Blood Pressure^LN||82|mm[Hg]|||||FOBX|3|NM|8867-4^Heart Rate^LN||78|/min|||||FOBX|4|NM|8310-5^Body Temperature^LN||98.4|[degF]|||||FOBX|5|NM|59408-5^Oxygen Saturation^LN||97|%|||||F",2026-09-20 08:00:00
"MSH|^~\&|NURSING|DEMOHOSP|EASYHL7|DEMO|20260920082800||ORU^R01|VIT00003|P|2.5.1PID|1||PAT1003||BROWN^MICHAEL||19781122|MPV1|1|I|3N^303^1^DEMOHOSPORC|RE|VITORD00003OBR|1|VITORD00003|VITRES00003|VITALS^Vital Signs|||20260920082800OBX|1|NM|8480-6^Systolic Blood Pressure^LN||110|mm[Hg]|||||FOBX|2|NM|8462-4^Diastolic Blood Pressure^LN||70|mm[Hg]|||||FOBX|3|NM|8867-4^Heart Rate^LN||64|/min|||||FOBX|4|NM|8310-5^Body Temperature^LN||98.1|[degF]|||||FOBX|5|NM|59408-5^Oxygen Saturation^LN||99|%|||||F",2026-09-20 08:00:00
"MSH|^~\&|NURSING|DEMOHOSP|EASYHL7|DEMO|20260920102000||ORU^R01|VIT00004|P|2.5.1PID|1||PAT1004||DAVIS^EMILY||20000117|FPV1|1|I|3N^304^1^DEMOHOSPORC|RE|VITORD00004OBR|1|VITORD00004|VITRES00004|VITALS^Vital Signs|||20260920102000OBX|1|NM|8480-6^Systolic Blood Pressure^LN||132|mm[Hg]|||||FOBX|2|NM|8462-4^Diastolic Blood Pressure^LN||86|mm[Hg]|||||FOBX|3|NM|8867-4^Heart Rate^LN||81|/min|||||FOBX|4|NM|8310-5^Body Temperature^LN||99.0|[degF]|||||FOBX|5|NM|59408-5^Oxygen Saturation^LN||96|%|||||F",2026-09-20 10:15:00
"MSH|^~\&|NURSING|DEMOHOSP|EASYHL7|DEMO|20260920103100||ORU^R01|VIT00005|P|2.5.1PID|1||PAT1005||WILSON^ROBERT||19650630|MPV1|1|I|3N^305^1^DEMOHOSPORC|RE|VITORD00005OBR|1|VITORD00005|VITRES00005|VITALS^Vital Signs|||20260920103100OBX|1|NM|8480-6^Systolic Blood Pressure^LN||121|mm[Hg]|||||FOBX|2|NM|8462-4^Diastolic Blood Pressure^LN||79|mm[Hg]|||||FOBX|3|NM|8867-4^Heart Rate^LN||74|/min|||||FOBX|4|NM|8310-5^Body Temperature^LN||98.7|[degF]|||||FOBX|5|NM|59408-5^Oxygen Saturation^LN||98|%|||||F",2026-09-20 10:15:00
"MSH|^~\&|NURSING|DEMOHOSP|EASYHL7|DEMO|20260920133800||ORU^R01|VIT00006|P|2.5.1PID|1||PAT1006||MARTIN^LAURA||19890814|FPV1|1|I|3N^306^1^DEMOHOSPORC|RE|VITORD00006OBR|1|VITORD00006|VITRES00006|VITALS^Vital Signs|||20260920133800OBX|1|NM|8480-6^Systolic Blood Pressure^LN||115|mm[Hg]|||||FOBX|2|NM|8462-4^Diastolic Blood Pressure^LN||73|mm[Hg]|||||FOBX|3|NM|8867-4^Heart Rate^LN||69|/min|||||FOBX|4|NM|8310-5^Body Temperature^LN||98.3|[degF]|||||FOBX|5|NM|59408-5^Oxygen Saturation^LN||99|%|||||F",2026-09-20 13:30:00
"MSH|^~\&|NURSING|DEMOHOSP|EASYHL7|DEMO|20260920134500||ORU^R01|VIT00007|P|2.5.1PID|1||PAT1007||THOMAS^DAVID||19740303|MPV1|1|I|3N^307^1^DEMOHOSPORC|RE|VITORD00007OBR|1|VITORD00007|VITRES00007|VITALS^Vital Signs|||20260920134500OBX|1|NM|8480-6^Systolic Blood Pressure^LN||128|mm[Hg]|||||FOBX|2|NM|8462-4^Diastolic Blood Pressure^LN||84|mm[Hg]|||||FOBX|3|NM|8867-4^Heart Rate^LN||77|/min|||||FOBX|4|NM|8310-5^Body Temperature^LN||98.9|[degF]|||||FOBX|5|NM|59408-5^Oxygen Saturation^LN||97|%|||||F",2026-09-20 13:30:00
"MSH|^~\&|NURSING|DEMOHOSP|EASYHL7|DEMO|20260920135800||ORU^R01|VIT00008|P|2.5.1PID|1||PAT1008||MOORE^ANNA||19961109|FPV1|1|I|3N^308^1^DEMOHOSPORC|RE|VITORD00008OBR|1|VITORD00008|VITRES00008|VITALS^Vital Signs|||20260920135800OBX|1|NM|8480-6^Systolic Blood Pressure^LN||117|mm[Hg]|||||FOBX|2|NM|8462-4^Diastolic Blood Pressure^LN||75|mm[Hg]|||||FOBX|3|NM|8867-4^Heart Rate^LN||66|/min|||||FOBX|4|NM|8310-5^Body Temperature^LN||98.2|[degF]|||||FOBX|5|NM|59408-5^Oxygen Saturation^LN||98|%|||||F",2026-09-20 13:30:00
"MSH|^~\&|NURSING|DEMOHOSP|EASYHL7|DEMO|20260920165300||ORU^R01|VIT00009|P|2.5.1PID|1||PAT1009||TAYLOR^JAMES||19591218|MPV1|1|I|3N^309^1^DEMOHOSPORC|RE|VITORD00009OBR|1|VITORD00009|VITRES00009|VITALS^Vital Signs|||20260920165300OBX|1|NM|8480-6^Systolic Blood Pressure^LN||135|mm[Hg]|||||FOBX|2|NM|8462-4^Diastolic Blood Pressure^LN||88|mm[Hg]|||||FOBX|3|NM|8867-4^Heart Rate^LN||84|/min|||||FOBX|4|NM|8310-5^Body Temperature^LN||99.1|[degF]|||||FOBX|5|NM|59408-5^Oxygen Saturation^LN||96|%|||||F",2026-09-20 16:45:00
"MSH|^~\&|NURSING|DEMOHOSP|EASYHL7|DEMO|20260920170100||ORU^R01|VIT00010|P|2.5.1PID|1||PAT1010||ANDERSON^MARIA||19830225|FPV1|1|I|3N^310^1^DEMOHOSPORC|RE|VITORD00010OBR|1|VITORD00010|VITRES00010|VITALS^Vital Signs|||20260920170100OBX|1|NM|8480-6^Systolic Blood Pressure^LN||123|mm[Hg]|||||FOBX|2|NM|8462-4^Diastolic Blood Pressure^LN||80|mm[Hg]|||||FOBX|3|NM|8867-4^Heart Rate^LN||71|/min|||||FOBX|4|NM|8310-5^Body Temperature^LN||98.5|[degF]|||||FOBX|5|NM|59408-5^Oxygen Saturation^LN||99|%|||||F",2026-09-20 16:45:00
